student_id,gender,branch,year,study_hours_per_week,attendance_pct,extracurricular_hours,income_bracket,internet_access,Mathematics,Programming,Data Structures,Electronics,Communication Skills,final_marks,grade,result
STU0001,Male,AI & DS,TE,5.3,66.6,10.3,Middle,Yes,37.8,39.7,22.9,39.7,35.6,37.5,D,Pass
STU0002,Female,Computer Engineering,FE,7.1,62.2,0.2,High,Yes,40.5,45.4,46.5,38.3,44.8,42.4,D,Pass
STU0003,Female,AI & DS,FE,18.0,82.1,3.1,Low,Yes,76.0,70.8,64.2,61.4,68.9,69.1,B,Pass
STU0004,Female,AI & DS,SE,8.7,65.4,0.2,High,Yes,44.8,58.8,62.9,70.7,56.7,61.8,C,Pass
STU0005,Male,AI & DS,SE,6.8,63.4,1.4,Middle,Yes,41.6,38.6,34.2,44.6,49.4,41.7,D,Pass
STU0006,Male,IT,TE,14.7,77.9,4.9,High,Yes,63.8,57.2,62.8,63.0,64.7,64.4,C,Pass
STU0007,Male,Computer Engineering,TE,17.9,77.0,1.7,Middle,Yes,97.3,100.0,100.0,93.2,100.0,100.0,A+,Pass
STU0008,Female,Computer Engineering,SE,15.6,77.8,15.0,Middle,Yes,52.5,42.2,43.7,37.2,32.3,42.1,D,Pass
STU0009,Female,IT,FE,17.0,66.9,2.5,High,Yes,41.9,45.9,40.5,55.0,43.9,47.2,D,Pass
STU0010,Female,E&TC,BE,8.2,72.4,1.2,Low,Yes,67.4,57.2,70.0,63.6,63.0,62.8,C,Pass
STU0011,Male,AI & DS,SE,4.9,66.4,0.7,High,Yes,39.2,54.7,33.5,33.8,43.9,37.1,D,Pass
STU0012,Female,E&TC,SE,19.5,78.8,1.3,Middle,Yes,82.4,68.4,64.8,77.9,77.2,74.8,B,Pass
STU0013,Female,IT,FE,10.4,78.8,1.4,Middle,Yes,46.0,47.4,49.3,45.1,51.9,50.0,C,Pass
STU0014,Male,AI & DS,TE,10.7,81.5,0.2,Low,Yes,54.2,61.1,58.8,67.6,51.8,58.6,C,Pass
STU0015,Male,Mechanical,TE,18.6,71.4,1.4,Middle,Yes,100.0,97.7,95.1,100.0,87.2,94.1,A+,Pass
STU0016,Male,Civil,FE,14.8,73.1,1.9,Low,No,72.0,75.1,77.6,66.6,71.3,69.4,B,Pass
STU0017,Male,AI & DS,FE,14.3,72.4,3.8,Low,Yes,65.1,85.2,73.0,70.6,66.2,74.4,B,Pass
STU0018,Male,Computer Engineering,TE,22.8,82.2,3.2,Low,Yes,64.7,70.9,67.2,52.2,64.7,67.9,B,Pass
STU0019,Male,Mechanical,TE,8.8,78.1,3.7,Low,Yes,42.5,33.9,33.6,31.3,43.2,40.2,D,Pass
STU0020,Male,E&TC,FE,16.6,80.1,0.0,High,Yes,44.9,38.4,44.8,31.9,34.0,39.9,D,Pass
STU0021,Female,AI & DS,BE,12.3,73.9,0.7,High,Yes,48.9,54.8,54.1,53.8,62.6,53.0,C,Pass
STU0022,Male,Computer Engineering,FE,13.3,61.3,3.3,Middle,Yes,53.7,83.6,68.7,69.2,78.5,71.2,B,Pass
STU0023,Male,Computer Engineering,SE,19.6,90.6,2.0,Middle,Yes,90.6,79.1,76.1,79.4,78.1,87.5,A+,Pass
STU0024,Male,IT,BE,14.5,69.0,0.0,Low,No,49.8,64.3,65.8,55.4,51.5,57.1,C,Pass
STU0025,Male,IT,SE,14.7,79.6,4.9,Middle,Yes,53.5,66.7,58.2,68.6,51.9,65.6,B,Pass
STU0026,Female,Computer Engineering,TE,17.4,84.8,4.4,High,Yes,47.8,69.8,61.3,68.0,60.1,64.8,C,Pass
STU0027,Male,IT,SE,10.2,84.1,2.4,High,No,59.8,54.3,57.1,43.5,59.5,54.9,C,Pass
STU0028,Male,E&TC,FE,7.8,59.7,0.2,Middle,Yes,60.1,54.2,52.1,58.5,56.8,59.3,C,Pass
STU0029,Female,AI & DS,BE,6.8,44.7,4.4,Middle,No,13.1,19.0,5.5,6.2,17.3,14.5,F,Fail
STU0030,Male,Computer Engineering,SE,2.2,64.3,2.6,Low,Yes,49.4,45.0,28.4,46.5,32.0,41.1,D,Pass
STU0031,Female,E&TC,BE,22.3,100.0,4.6,High,Yes,100.0,100.0,100.0,100.0,100.0,98.3,A+,Pass
STU0032,Male,Mechanical,FE,6.5,78.3,4.2,Low,Yes,53.6,43.8,40.6,38.5,40.6,43.9,D,Pass
STU0033,Male,IT,FE,10.9,75.8,4.9,Middle,Yes,56.9,61.7,82.9,60.7,65.4,65.3,B,Pass
STU0034,Female,IT,FE,10.6,69.9,2.2,Middle,No,83.6,74.4,77.8,81.0,83.2,83.8,A,Pass
STU0035,Female,AI & DS,TE,13.5,84.1,0.5,Middle,Yes,57.1,71.7,61.3,53.3,59.2,66.8,B,Pass
STU0036,Female,Computer Engineering,SE,16.1,73.1,3.3,Low,Yes,71.7,75.6,69.7,75.1,66.2,73.1,B,Pass
STU0037,Male,IT,BE,16.3,85.0,2.9,High,Yes,61.8,57.5,64.8,61.7,69.1,63.3,C,Pass
STU0038,Male,Computer Engineering,SE,9.1,75.9,4.1,Low,Yes,59.8,52.8,53.2,61.8,58.4,56.0,C,Pass
STU0039,Female,Computer Engineering,BE,11.2,83.0,0.6,Middle,Yes,68.6,65.5,72.0,61.7,74.6,68.3,B,Pass
STU0040,Male,Computer Engineering,FE,13.4,99.5,0.7,Low,Yes,77.6,65.0,68.0,70.2,75.8,73.9,B,Pass
STU0041,Male,AI & DS,BE,10.8,77.1,6.6,Low,Yes,47.5,38.4,35.0,34.3,44.2,43.3,D,Pass
STU0042,Male,Computer Engineering,TE,20.0,82.0,4.2,Middle,Yes,93.6,73.9,69.9,74.7,70.3,80.7,A,Pass
STU0043,Male,Computer Engineering,TE,14.5,78.6,7.2,Middle,Yes,78.9,78.3,67.5,73.7,79.2,80.8,A,Pass
STU0044,Female,Computer Engineering,BE,15.7,66.2,4.3,Low,Yes,64.8,66.0,67.3,76.4,70.2,70.4,B,Pass
STU0045,Male,AI & DS,TE,15.3,74.4,2.7,Low,Yes,80.6,69.3,77.3,74.9,90.8,79.1,A,Pass
STU0046,Female,Mechanical,TE,17.9,80.0,3.2,Middle,Yes,66.3,83.2,67.3,71.8,75.2,71.1,B,Pass
STU0047,Male,IT,FE,12.9,72.6,6.6,Middle,Yes,76.9,75.5,75.5,65.7,77.2,68.0,B,Pass
STU0048,Male,E&TC,FE,5.5,68.4,2.6,High,Yes,47.3,44.3,56.4,41.4,52.6,49.0,D,Pass
STU0049,Male,E&TC,BE,14.0,71.6,3.0,Low,Yes,49.1,54.1,50.5,51.5,48.2,52.5,C,Pass
STU0050,Male,IT,TE,8.7,80.3,0.5,Middle,Yes,58.1,63.4,50.1,64.5,61.6,60.9,C,Pass
STU0051,Female,AI & DS,TE,9.4,72.2,1.9,Low,Yes,47.5,50.3,39.8,36.0,44.6,43.2,D,Pass
STU0052,Female,IT,SE,14.9,79.3,3.8,Low,Yes,58.7,54.7,56.0,64.5,54.0,59.6,C,Pass
STU0053,Female,IT,FE,18.2,81.0,0.9,Middle,Yes,75.1,85.6,75.1,73.9,76.7,79.0,A,Pass
STU0054,Female,E&TC,FE,12.1,77.0,0.7,Middle,Yes,76.7,63.4,62.5,63.8,65.5,66.7,B,Pass
STU0055,Female,Computer Engineering,TE,13.5,84.2,1.1,Low,Yes,48.2,45.3,49.4,56.5,62.9,53.3,C,Pass
STU0056,Female,AI & DS,SE,20.5,79.7,0.8,Low,Yes,94.2,98.3,91.7,90.0,81.5,94.0,A+,Pass
STU0057,Male,Computer Engineering,FE,13.2,71.9,0.7,Low,No,67.9,71.7,60.2,64.2,71.2,64.0,C,Pass
STU0058,Male,Computer Engineering,SE,25.0,90.1,1.7,High,Yes,74.5,99.8,85.5,82.4,78.7,84.3,A,Pass
STU0059,Male,IT,FE,14.8,68.5,7.2,High,Yes,46.0,35.9,45.3,43.9,34.9,43.1,D,Pass
STU0060,Male,IT,SE,3.2,57.6,2.1,Low,No,23.4,33.9,24.2,15.4,36.8,29.7,F,Fail
STU0061,Male,Computer Engineering,FE,15.8,76.7,0.6,Low,Yes,70.3,62.9,73.0,54.4,69.8,65.4,B,Pass
STU0062,Male,Civil,TE,13.9,85.1,0.2,High,Yes,64.8,75.3,64.7,74.3,78.1,70.6,B,Pass
STU0063,Female,IT,SE,18.4,86.1,3.6,High,Yes,76.2,63.2,62.3,78.2,76.8,72.0,B,Pass
STU0064,Male,Computer Engineering,SE,15.4,81.5,1.4,Middle,Yes,53.0,38.8,48.7,40.9,58.8,46.4,D,Pass
STU0065,Male,AI & DS,FE,11.3,81.5,5.2,Low,No,52.5,42.6,42.4,45.8,50.7,47.3,D,Pass
STU0066,Male,AI & DS,FE,5.9,66.5,3.2,Low,No,36.2,35.2,36.6,36.5,33.8,34.7,F,Fail
STU0067,Male,Computer Engineering,SE,11.0,77.4,4.8,Middle,Yes,63.7,61.3,50.7,69.3,67.2,65.1,B,Pass
STU0068,Female,AI & DS,SE,7.7,69.2,1.0,Middle,Yes,39.9,47.4,51.8,31.2,50.9,43.4,D,Pass
STU0069,Male,AI & DS,TE,9.1,73.9,3.5,Low,No,75.7,73.1,70.9,61.6,62.2,66.9,B,Pass
STU0070,Female,Computer Engineering,FE,14.9,74.8,0.9,Middle,Yes,41.2,49.0,36.4,43.4,41.5,45.4,D,Pass
STU0071,Female,AI & DS,TE,20.3,66.9,8.4,Low,Yes,81.3,97.2,78.6,91.7,85.6,87.5,A+,Pass
STU0072,Male,Mechanical,BE,14.0,77.1,3.0,Middle,No,59.5,58.0,65.5,70.5,42.9,55.5,C,Pass
STU0073,Male,AI & DS,TE,6.0,79.2,1.2,Low,Yes,56.0,53.5,56.4,59.4,61.6,60.8,C,Pass
STU0074,Female,IT,FE,14.2,85.9,0.9,Low,Yes,64.8,78.7,65.5,62.1,59.2,70.5,B,Pass
STU0075,Female,Computer Engineering,SE,18.0,91.1,0.6,Middle,Yes,84.0,89.1,79.1,95.1,93.0,92.7,A+,Pass
STU0076,Female,Civil,FE,9.0,81.5,3.6,Middle,No,40.8,49.2,41.6,51.6,48.9,43.7,D,Pass
STU0077,Female,AI & DS,FE,11.3,75.4,0.7,High,Yes,47.4,57.3,46.5,48.5,45.0,47.9,D,Pass
STU0078,Male,Computer Engineering,BE,12.1,77.3,2.7,Middle,Yes,80.0,81.2,82.8,73.1,88.6,78.5,A,Pass
STU0079,Male,Civil,FE,8.1,65.6,0.9,Low,Yes,55.9,41.2,41.8,55.9,41.4,50.2,C,Pass
STU0080,Male,Mechanical,SE,15.2,77.3,3.3,Middle,Yes,73.6,64.9,61.3,74.4,77.5,70.4,B,Pass
STU0081,Female,Mechanical,TE,11.4,79.7,5.1,Low,Yes,72.5,81.5,76.3,67.4,77.7,73.6,B,Pass
STU0082,Female,Computer Engineering,TE,14.1,88.0,4.5,High,Yes,53.4,53.6,60.6,56.9,44.3,54.6,C,Pass
STU0083,Male,AI & DS,SE,7.6,68.7,4.3,Middle,Yes,58.9,56.3,46.4,61.8,72.1,55.8,C,Pass
STU0084,Male,E&TC,FE,9.8,69.2,0.6,Middle,Yes,56.9,53.9,55.8,56.4,48.9,49.3,D,Pass
STU0085,Male,Civil,SE,15.6,80.3,0.3,Low,No,63.9,67.3,63.3,62.7,57.8,63.1,C,Pass
STU0086,Male,IT,SE,10.1,78.0,3.6,Middle,Yes,55.0,59.5,64.4,55.7,49.4,57.8,C,Pass
STU0087,Female,IT,FE,20.6,75.3,1.4,High,No,49.0,53.7,54.6,62.4,53.7,55.0,C,Pass
STU0088,Female,Computer Engineering,SE,10.0,54.6,1.7,High,Yes,34.3,41.1,27.9,35.7,42.2,43.0,D,Pass
STU0089,Female,E&TC,FE,13.1,72.7,0.1,Low,Yes,84.9,86.0,80.0,83.5,81.5,80.9,A,Pass
STU0090,Male,AI & DS,FE,16.7,71.9,0.9,Low,Yes,85.4,85.2,88.3,73.7,80.1,81.9,A,Pass
STU0091,Male,Computer Engineering,SE,4.9,62.3,0.1,High,Yes,47.6,42.6,38.7,50.5,47.9,44.1,D,Pass
STU0092,Female,Computer Engineering,FE,3.2,63.0,6.3,High,No,31.5,38.8,30.0,30.8,30.0,32.3,F,Fail
STU0093,Female,IT,SE,4.4,62.1,0.8,Low,Yes,47.9,38.7,38.4,47.1,27.9,39.5,D,Pass
STU0094,Female,Computer Engineering,TE,18.3,95.4,2.4,Middle,Yes,92.7,90.5,78.2,98.5,94.7,95.6,A+,Pass
STU0095,Female,AI & DS,BE,9.2,74.6,0.1,Low,Yes,60.3,50.0,64.6,47.3,40.4,54.6,C,Pass
STU0096,Male,IT,FE,24.8,94.6,3.3,High,Yes,94.7,89.0,89.5,100.0,97.0,94.9,A+,Pass
STU0097,Male,Computer Engineering,FE,9.2,76.9,1.2,Low,Yes,66.6,68.7,73.3,79.6,64.4,70.3,B,Pass
STU0098,Male,IT,FE,12.9,67.7,6.8,Low,Yes,51.9,55.7,47.8,53.6,49.3,48.3,D,Pass
STU0099,Male,AI & DS,TE,19.7,93.9,6.6,Middle,Yes,99.8,92.5,100.0,92.7,100.0,97.3,A+,Pass
STU0100,Male,IT,TE,22.0,88.0,1.2,Low,Yes,70.1,69.1,70.4,66.2,62.3,68.0,B,Pass
STU0101,Male,IT,FE,22.3,94.4,6.9,Middle,Yes,100.0,96.1,98.6,100.0,100.0,100.0,A+,Pass
STU0102,Female,AI & DS,BE,18.0,74.9,15.0,Middle,Yes,58.9,57.5,53.7,54.9,56.5,59.1,C,Pass
STU0103,Male,Computer Engineering,FE,17.1,69.8,5.2,Low,Yes,79.6,56.2,70.1,75.5,75.8,65.3,B,Pass
STU0104,Male,AI & DS,SE,15.0,86.0,5.6,Middle,Yes,51.9,43.5,33.6,45.7,42.6,44.8,D,Pass
STU0105,Female,AI & DS,TE,15.9,83.7,0.9,Middle,Yes,71.4,65.9,71.0,50.9,62.1,67.1,B,Pass
STU0106,Male,Civil,BE,9.2,64.8,2.6,Low,Yes,40.8,43.3,33.5,42.1,44.2,40.1,D,Pass
STU0107,Male,Computer Engineering,TE,7.9,63.3,0.2,Middle,Yes,50.0,45.3,51.5,41.9,41.4,44.0,D,Pass
STU0108,Female,Mechanical,BE,12.0,84.6,0.3,High,Yes,66.5,56.2,64.4,63.0,58.4,63.4,C,Pass
STU0109,Male,Computer Engineering,SE,11.1,65.0,15.0,Middle,No,51.4,57.7,55.1,49.0,48.3,51.2,C,Pass
STU0110,Male,E&TC,BE,9.7,85.8,1.2,Low,Yes,60.6,63.7,62.9,67.2,62.1,62.4,C,Pass
STU0111,Male,E&TC,FE,15.5,72.9,4.1,Low,Yes,69.6,71.3,59.6,76.8,78.2,70.1,B,Pass
STU0112,Male,IT,BE,16.8,86.9,4.9,Low,No,32.9,51.8,46.7,53.6,40.3,51.9,C,Pass
STU0113,Female,IT,SE,12.4,73.5,5.9,Middle,Yes,49.6,45.2,52.3,46.3,48.4,48.3,D,Pass
STU0114,Female,Computer Engineering,BE,19.4,90.0,15.0,Middle,Yes,88.9,93.1,92.8,91.6,95.5,91.8,A+,Pass
STU0115,Female,Computer Engineering,SE,6.3,63.8,0.8,Middle,No,41.3,34.6,38.8,31.8,32.9,31.7,F,Fail
STU0116,Female,Civil,TE,11.0,73.0,0.1,Low,Yes,80.3,69.7,82.6,75.4,88.1,80.2,A,Pass
STU0117,Female,Mechanical,SE,8.4,71.3,1.6,Low,Yes,43.2,47.1,44.5,53.8,49.9,50.3,C,Pass
STU0118,Male,Civil,TE,2.7,55.5,0.4,Middle,Yes,37.9,36.7,33.4,41.0,37.1,38.2,D,Pass
STU0119,Female,AI & DS,FE,11.6,81.0,0.1,Middle,Yes,70.1,77.9,77.0,85.6,80.0,76.4,A,Pass
STU0120,Male,E&TC,FE,11.4,70.7,1.3,Low,Yes,77.6,82.0,60.9,82.3,75.4,74.8,B,Pass
STU0121,Female,Civil,FE,19.6,83.6,4.6,Middle,Yes,77.7,71.4,86.0,71.9,73.7,76.0,A,Pass
STU0122,Female,AI & DS,FE,15.2,71.7,2.5,Low,Yes,67.8,59.1,64.8,67.0,65.2,62.1,C,Pass
STU0123,Male,AI & DS,BE,6.9,48.4,1.1,High,Yes,39.3,40.9,51.4,38.3,40.1,44.0,D,Pass
STU0124,Male,E&TC,FE,21.3,86.1,3.2,High,No,79.9,74.9,70.2,83.9,76.0,79.7,A,Pass
STU0125,Male,IT,BE,18.1,100.0,0.8,Low,Yes,83.9,90.0,99.6,89.0,88.9,92.1,A+,Pass
STU0126,Male,Mechanical,SE,14.9,85.7,0.0,Low,No,68.9,69.3,78.1,58.6,72.8,64.7,C,Pass
STU0127,Female,AI & DS,FE,10.9,74.0,4.3,Middle,No,60.4,51.0,49.4,59.0,38.0,57.3,C,Pass
STU0128,Female,E&TC,TE,7.2,67.3,2.9,Low,Yes,71.3,70.9,72.9,52.3,70.7,68.3,B,Pass
STU0129,Male,Computer Engineering,TE,10.1,73.4,4.3,Middle,Yes,59.8,49.6,59.8,49.3,60.0,59.8,C,Pass
STU0130,Male,AI & DS,SE,17.4,87.1,0.1,High,Yes,83.5,77.6,71.7,79.9,70.9,81.0,A,Pass
STU0131,Male,AI & DS,SE,21.4,78.4,5.4,Middle,No,63.6,52.0,57.0,54.5,55.9,54.0,C,Pass
STU0132,Male,Mechanical,TE,19.7,94.5,2.9,High,Yes,48.5,60.2,55.2,48.0,53.1,50.2,C,Pass
STU0133,Male,E&TC,FE,9.6,78.1,2.5,Middle,Yes,62.1,59.7,57.7,51.8,64.8,61.3,C,Pass
STU0134,Male,IT,BE,6.4,74.1,2.9,Low,Yes,41.0,34.3,54.5,42.6,31.6,47.5,D,Pass
STU0135,Female,Computer Engineering,BE,12.7,80.0,6.0,Middle,Yes,49.5,42.7,44.7,57.0,62.9,54.7,C,Pass
STU0136,Male,Mechanical,TE,3.2,64.3,2.7,Middle,Yes,43.1,42.7,33.5,46.0,38.1,42.5,D,Pass
STU0137,Male,Computer Engineering,FE,13.6,83.1,2.6,Middle,Yes,72.2,69.3,66.4,65.5,69.7,65.6,B,Pass
STU0138,Female,Mechanical,TE,11.3,79.4,14.0,Low,Yes,63.3,67.1,65.0,71.7,69.2,64.8,C,Pass
STU0139,Male,Computer Engineering,FE,9.7,69.7,4.2,Low,Yes,53.0,55.4,50.1,56.8,49.1,54.4,C,Pass
STU0140,Female,Computer Engineering,FE,4.0,60.6,1.8,High,No,22.9,32.3,30.2,20.8,29.3,25.3,F,Fail
STU0141,Female,IT,FE,14.6,79.8,3.7,Low,Yes,75.3,75.3,81.7,76.8,76.2,78.5,A,Pass
STU0142,Male,Computer Engineering,SE,9.3,84.5,1.5,High,No,50.8,54.4,54.1,40.6,36.6,49.0,D,Pass
STU0143,Male,E&TC,BE,6.2,58.1,0.8,High,Yes,43.1,42.3,51.4,51.5,59.1,52.1,C,Pass
STU0144,Male,IT,TE,1.0,49.6,2.7,Middle,Yes,33.3,20.2,29.2,32.3,20.9,25.6,F,Fail
STU0145,Male,Computer Engineering,TE,11.9,76.7,7.9,Middle,Yes,45.0,38.2,46.3,53.1,43.9,49.0,D,Pass
STU0146,Male,Mechanical,SE,20.9,87.5,7.9,Middle,Yes,83.6,77.7,91.6,87.7,76.9,79.3,A,Pass
STU0147,Female,Computer Engineering,SE,20.3,87.8,1.3,High,No,68.1,75.4,70.8,73.9,77.3,75.7,A,Pass
STU0148,Male,IT,SE,9.7,74.6,2.3,Low,Yes,66.0,62.7,74.6,70.1,61.7,62.0,C,Pass
STU0149,Male,Civil,BE,9.0,69.9,0.7,Middle,No,48.6,45.0,44.8,43.4,47.9,44.6,D,Pass
STU0150,Male,IT,FE,14.3,90.6,15.0,Middle,Yes,40.0,32.1,29.4,46.5,29.7,37.7,D,Pass
STU0151,Female,AI & DS,BE,7.0,56.3,11.9,Middle,Yes,27.1,32.0,41.3,33.0,28.6,33.1,F,Fail
STU0152,Male,Civil,SE,13.5,70.9,3.1,Middle,Yes,73.6,63.1,72.9,76.3,71.4,72.1,B,Pass
STU0153,Male,IT,SE,15.8,79.8,4.9,Low,Yes,57.6,72.9,69.8,73.6,76.1,64.7,C,Pass
STU0154,Male,Computer Engineering,TE,18.1,70.4,3.8,Middle,Yes,67.2,66.9,76.0,67.5,68.0,68.7,B,Pass
STU0155,Female,AI & DS,SE,11.5,73.5,2.7,High,No,70.4,61.3,66.2,65.5,70.7,64.2,C,Pass
STU0156,Male,E&TC,BE,11.0,87.6,0.2,Low,Yes,60.1,64.8,51.7,63.0,55.5,55.3,C,Pass
STU0157,Female,IT,BE,7.6,70.1,1.8,High,Yes,32.6,25.0,38.4,31.7,29.6,32.5,F,Fail
STU0158,Female,IT,SE,7.9,72.1,3.4,Middle,Yes,43.1,42.1,48.9,41.0,47.4,48.9,D,Pass
STU0159,Male,Mechanical,FE,10.9,64.0,3.4,High,Yes,53.2,42.7,53.4,62.2,48.3,49.3,D,Pass
STU0160,Female,E&TC,SE,13.8,73.1,1.4,Middle,Yes,53.7,53.2,40.7,50.8,57.2,53.6,C,Pass
STU0161,Male,AI & DS,BE,16.6,78.5,8.5,Middle,Yes,50.6,67.1,67.2,65.5,72.7,64.5,C,Pass
STU0162,Female,Computer Engineering,FE,8.0,67.8,0.5,Low,Yes,62.9,62.6,54.4,65.1,60.4,58.2,C,Pass
STU0163,Female,Computer Engineering,TE,19.5,95.6,2.1,High,Yes,81.9,97.4,91.9,78.3,89.1,82.0,A,Pass
STU0164,Male,E&TC,TE,10.6,78.3,3.5,Low,Yes,69.0,48.3,65.5,55.8,56.0,61.8,C,Pass
STU0165,Male,AI & DS,TE,11.9,66.6,3.6,High,Yes,72.9,83.2,80.9,81.0,77.0,79.5,A,Pass
STU0166,Female,IT,FE,8.3,72.7,3.1,High,Yes,28.8,44.6,50.8,37.1,43.6,47.9,D,Pass
STU0167,Male,E&TC,TE,1.0,65.3,1.0,Low,Yes,41.7,36.5,34.0,38.3,41.9,40.0,D,Pass
STU0168,Male,Mechanical,BE,16.4,90.5,0.5,Low,Yes,71.3,65.9,79.3,71.1,67.4,69.6,B,Pass
STU0169,Male,Computer Engineering,FE,15.7,93.0,3.0,Middle,Yes,52.5,57.1,74.5,61.0,67.0,62.6,C,Pass
STU0170,Female,Mechanical,FE,10.6,65.7,2.7,Low,Yes,42.5,58.5,50.8,39.1,42.8,48.4,D,Pass
STU0171,Female,AI & DS,BE,12.3,69.5,0.6,High,Yes,72.6,61.2,65.6,65.7,56.4,56.1,C,Pass
STU0172,Male,Mechanical,FE,14.6,68.9,3.7,Low,Yes,66.4,68.3,64.8,68.8,72.3,68.2,B,Pass
STU0173,Male,AI & DS,BE,4.2,63.6,1.8,Low,Yes,74.8,78.5,65.6,79.0,58.0,70.4,B,Pass
STU0174,Male,Computer Engineering,SE,9.4,75.9,3.3,High,Yes,42.5,37.3,46.6,44.8,59.1,46.4,D,Pass
STU0175,Female,E&TC,FE,16.0,88.7,5.4,Middle,Yes,52.8,57.3,67.9,60.0,63.6,65.3,B,Pass
STU0176,Male,AI & DS,BE,5.7,66.8,0.6,High,Yes,45.5,33.4,44.1,48.1,34.3,46.5,D,Pass
STU0177,Female,Computer Engineering,SE,13.5,74.9,0.1,Low,Yes,69.1,66.5,73.9,69.4,71.6,70.7,B,Pass
STU0178,Male,E&TC,SE,5.2,68.0,4.5,Middle,No,37.1,40.5,41.3,32.4,39.7,39.5,D,Pass
STU0179,Female,E&TC,SE,14.3,72.0,2.8,Middle,Yes,79.5,80.8,74.2,89.0,79.7,80.2,A,Pass
STU0180,Male,IT,SE,11.8,92.1,3.6,Middle,Yes,36.4,35.7,37.9,31.1,40.7,34.8,F,Fail
STU0181,Male,E&TC,FE,3.9,52.2,5.5,Middle,Yes,6.4,0.0,12.5,0.0,11.8,7.3,F,Fail
STU0182,Male,IT,SE,17.8,84.6,4.9,Middle,No,53.1,65.5,61.7,68.7,62.5,60.7,C,Pass
STU0183,Female,Computer Engineering,BE,8.3,87.0,9.7,Middle,Yes,66.5,65.0,70.5,60.6,66.3,63.6,C,Pass
STU0184,Female,Computer Engineering,FE,7.9,70.4,2.3,Low,No,14.0,30.1,18.4,22.1,25.1,25.7,F,Fail
STU0185,Male,AI & DS,TE,13.0,75.4,2.0,Middle,Yes,15.2,16.1,30.3,16.9,38.2,27.5,F,Fail
STU0186,Female,Civil,SE,17.7,80.2,1.5,Low,Yes,86.3,83.8,74.9,92.3,73.0,81.9,A,Pass
STU0187,Female,IT,TE,6.9,67.6,0.5,Middle,Yes,55.9,45.8,46.2,45.2,53.7,52.9,C,Pass
STU0188,Female,Computer Engineering,FE,12.3,87.0,2.6,Low,Yes,51.2,49.1,47.7,51.9,51.9,51.5,C,Pass
STU0189,Male,IT,BE,14.1,60.7,1.0,Middle,No,35.9,47.5,38.6,49.8,49.2,44.3,D,Pass
STU0190,Male,Civil,SE,15.5,92.4,7.6,Middle,Yes,52.6,57.3,53.5,59.3,51.7,56.8,C,Pass
STU0191,Male,AI & DS,FE,12.9,65.4,2.6,Low,Yes,60.0,56.5,60.3,61.2,51.1,61.6,C,Pass
STU0192,Female,IT,FE,10.2,71.1,2.7,Low,Yes,38.8,48.4,53.4,38.2,49.3,48.4,D,Pass
STU0193,Female,IT,FE,7.9,66.8,1.3,Low,Yes,52.7,47.9,55.2,52.2,58.8,57.1,C,Pass
STU0194,Female,IT,SE,12.4,80.9,0.2,Middle,Yes,34.8,37.8,21.4,32.0,39.8,30.9,F,Fail
STU0195,Male,AI & DS,SE,6.6,55.8,0.1,High,Yes,45.1,35.3,43.3,31.8,28.9,36.5,D,Pass
STU0196,Male,Mechanical,BE,1.0,65.0,1.7,Low,No,13.0,22.2,10.5,16.7,22.4,15.5,F,Fail
STU0197,Female,Civil,SE,14.2,94.6,0.3,Middle,Yes,73.7,66.0,68.8,73.3,83.4,69.2,B,Pass
STU0198,Female,IT,FE,16.5,70.6,2.8,Low,Yes,51.1,59.5,65.3,68.4,60.3,62.6,C,Pass
STU0199,Female,E&TC,TE,1.0,62.8,6.4,Middle,Yes,45.3,36.7,42.5,33.9,33.6,41.3,D,Pass
STU0200,Female,Civil,TE,7.0,63.7,6.4,High,Yes,17.3,27.4,28.7,35.3,19.7,22.1,F,Fail
STU0201,Female,E&TC,FE,15.1,83.0,3.2,Low,Yes,71.2,65.1,72.3,74.0,69.5,69.4,B,Pass
STU0202,Male,AI & DS,FE,22.3,89.1,0.7,Middle,No,85.7,91.1,82.0,87.2,90.6,87.2,A+,Pass
STU0203,Male,IT,FE,12.1,70.6,6.0,Low,Yes,87.5,77.3,92.7,86.1,76.1,79.6,A,Pass
STU0204,Female,IT,TE,8.4,74.8,6.5,Low,Yes,39.1,32.4,45.5,58.5,53.6,44.3,D,Pass
STU0205,Female,Computer Engineering,TE,11.1,88.8,0.7,Low,Yes,71.7,64.5,67.0,59.3,61.2,67.9,B,Pass
STU0206,Male,E&TC,SE,18.9,83.0,4.0,Low,No,45.8,40.4,53.3,46.1,37.1,47.5,D,Pass
STU0207,Male,Civil,BE,8.8,77.2,1.0,Middle,Yes,26.3,27.4,28.7,12.9,33.8,27.2,F,Fail
STU0208,Female,Civil,BE,8.0,60.1,4.9,Middle,Yes,56.0,50.0,59.5,58.3,43.5,57.1,C,Pass
STU0209,Male,IT,SE,9.6,64.8,15.0,Middle,Yes,38.2,48.9,58.3,45.5,42.1,43.3,D,Pass
STU0210,Male,AI & DS,BE,7.2,73.2,0.1,Low,Yes,66.5,66.1,64.9,66.4,85.3,66.6,B,Pass
STU0211,Male,Civil,FE,12.6,88.3,6.8,Low,Yes,45.2,44.5,43.7,41.7,45.5,45.6,D,Pass
STU0212,Female,Mechanical,FE,20.1,89.0,2.9,Middle,Yes,88.8,91.3,88.1,75.1,80.7,87.4,A+,Pass
STU0213,Female,AI & DS,FE,13.6,75.2,10.9,High,Yes,80.6,85.9,86.5,82.3,79.8,80.1,A,Pass
STU0214,Male,Civil,FE,10.7,74.0,1.9,Low,Yes,68.4,63.5,54.6,72.3,63.3,63.6,C,Pass
STU0215,Female,Mechanical,SE,10.5,63.7,5.6,High,Yes,61.4,51.3,44.1,52.4,56.9,55.9,C,Pass
STU0216,Male,IT,BE,4.2,70.3,0.2,Middle,Yes,39.0,34.7,41.8,47.9,49.3,45.3,D,Pass
STU0217,Male,IT,FE,16.4,88.4,1.2,Middle,Yes,60.9,51.6,45.9,46.3,49.5,55.7,C,Pass
STU0218,Female,Computer Engineering,FE,11.6,71.5,0.2,Middle,Yes,70.3,73.7,74.9,80.1,87.5,77.4,A,Pass
STU0219,Female,AI & DS,SE,11.1,70.7,11.1,Low,Yes,47.3,44.4,46.8,41.4,45.3,43.8,D,Pass
STU0220,Female,Computer Engineering,BE,28.0,98.5,5.1,Low,Yes,100.0,97.9,94.7,95.4,100.0,100.0,A+,Pass
STU0221,Female,Mechanical,SE,13.5,74.0,5.7,Middle,Yes,31.0,46.6,33.9,37.9,38.7,42.5,D,Pass
STU0222,Female,AI & DS,SE,8.2,70.2,8.3,Low,Yes,33.6,29.3,33.4,30.6,40.7,33.0,F,Fail
STU0223,Male,Computer Engineering,FE,9.9,89.6,0.3,High,Yes,76.3,78.8,84.3,81.4,77.6,79.1,A,Pass
STU0224,Male,Computer Engineering,FE,17.7,81.1,1.5,Middle,No,59.6,71.3,54.0,56.3,65.9,64.2,C,Pass
STU0225,Male,IT,BE,12.6,73.5,0.2,Low,Yes,89.1,83.1,85.9,78.6,75.4,81.0,A,Pass
STU0226,Male,Civil,BE,4.8,61.1,0.7,Middle,No,32.0,35.5,40.8,35.7,29.9,35.9,D,Pass
STU0227,Female,Computer Engineering,FE,16.6,87.5,0.8,Low,Yes,48.2,49.4,58.7,46.4,57.1,53.0,C,Pass
STU0228,Male,Computer Engineering,BE,8.7,69.8,1.9,Middle,Yes,64.3,60.0,71.1,74.6,61.1,63.8,C,Pass
STU0229,Female,E&TC,TE,21.4,82.6,0.9,Middle,Yes,80.8,71.6,89.9,71.6,71.6,76.7,A,Pass
STU0230,Female,IT,BE,17.4,93.2,0.3,High,Yes,86.2,83.8,84.9,83.0,83.1,87.0,A+,Pass
STU0231,Female,Computer Engineering,SE,9.8,84.0,0.5,Middle,Yes,67.4,64.9,61.1,54.5,64.6,60.4,C,Pass
STU0232,Male,IT,SE,18.4,79.1,0.5,Middle,Yes,61.7,57.2,56.0,69.3,54.7,58.5,C,Pass
STU0233,Female,AI & DS,SE,12.3,61.1,10.8,Middle,No,33.4,38.4,46.5,49.8,45.8,46.5,D,Pass
STU0234,Male,AI & DS,TE,16.3,89.2,4.3,High,Yes,95.2,100.0,100.0,92.8,98.5,98.4,A+,Pass
STU0235,Male,IT,FE,14.4,73.3,10.3,Low,Yes,61.9,67.2,57.2,71.9,53.8,65.3,B,Pass
STU0236,Female,Computer Engineering,FE,7.8,76.4,1.7,Low,Yes,55.2,43.9,47.1,53.5,43.5,52.3,C,Pass
STU0237,Male,Civil,SE,8.8,55.7,1.0,Low,Yes,47.8,60.8,71.8,65.0,65.5,63.5,C,Pass
STU0238,Male,Computer Engineering,TE,17.1,89.4,4.8,Low,Yes,91.4,76.8,82.2,74.0,71.7,76.1,A,Pass
STU0239,Female,IT,FE,10.3,63.7,1.2,Middle,Yes,61.4,68.4,56.0,53.7,64.5,58.2,C,Pass
STU0240,Male,IT,TE,10.0,78.8,1.1,Middle,No,39.6,32.1,43.8,40.7,44.5,38.7,D,Pass
STU0241,Female,AI & DS,BE,7.2,69.5,0.8,Middle,Yes,60.8,59.6,55.7,50.4,58.0,53.7,C,Pass
STU0242,Female,E&TC,FE,14.1,70.7,0.4,Low,Yes,92.5,86.8,87.4,89.3,89.3,78.4,A,Pass
STU0243,Female,AI & DS,TE,22.3,85.8,0.9,Middle,Yes,81.8,72.8,77.0,69.0,76.1,76.6,A,Pass
STU0244,Male,Civil,SE,6.7,74.2,1.3,Low,Yes,73.3,65.9,73.8,76.8,71.5,67.6,B,Pass
STU0245,Male,AI & DS,BE,12.1,76.6,3.4,Middle,Yes,60.6,53.6,75.7,59.1,56.3,59.8,C,Pass
STU0246,Female,Computer Engineering,FE,19.1,89.5,0.2,Middle,Yes,69.8,69.4,74.2,72.4,85.3,70.6,B,Pass
STU0247,Male,AI & DS,TE,11.6,90.9,0.7,Low,Yes,74.6,77.3,77.8,82.5,89.4,77.5,A,Pass
STU0248,Female,Civil,BE,14.3,66.0,5.0,Low,Yes,53.0,62.0,62.3,54.2,58.1,58.0,C,Pass
STU0249,Female,IT,BE,6.7,81.6,0.5,Low,Yes,58.1,68.7,60.0,67.4,64.5,62.2,C,Pass
STU0250,Female,IT,TE,14.1,79.2,1.3,High,No,48.9,52.5,71.3,40.8,65.2,57.0,C,Pass
STU0251,Male,AI & DS,SE,11.1,67.2,6.0,High,Yes,53.0,41.7,54.6,49.2,52.6,53.5,C,Pass
STU0252,Male,E&TC,TE,16.9,71.4,0.5,Middle,Yes,67.8,77.8,76.3,72.4,74.0,77.9,A,Pass
STU0253,Female,Computer Engineering,BE,17.9,81.8,0.3,Low,Yes,81.5,82.2,75.4,72.9,85.6,80.4,A,Pass
STU0254,Male,Mechanical,SE,24.9,99.8,2.0,Middle,Yes,70.6,72.3,77.4,69.5,71.3,70.8,B,Pass
STU0255,Male,Computer Engineering,FE,14.9,78.3,1.1,Middle,Yes,56.5,53.6,60.8,57.9,56.7,55.6,C,Pass
STU0256,Female,AI & DS,BE,13.6,89.8,2.5,Middle,Yes,76.1,79.9,76.2,83.4,74.2,79.2,A,Pass
STU0257,Female,AI & DS,TE,13.0,65.3,4.9,Low,Yes,75.6,66.2,60.6,58.5,46.8,57.1,C,Pass
STU0258,Female,IT,TE,10.2,73.2,0.4,Low,Yes,60.4,54.5,43.1,48.2,53.6,52.2,C,Pass
STU0259,Female,IT,FE,13.7,67.8,2.6,Middle,Yes,38.8,44.1,47.4,48.5,51.7,46.3,D,Pass
STU0260,Male,AI & DS,TE,10.5,76.6,2.1,Middle,Yes,47.0,42.6,48.3,46.3,44.2,45.6,D,Pass
STU0261,Female,E&TC,SE,12.8,83.8,0.5,Low,No,31.7,34.3,45.5,40.9,43.9,35.3,D,Pass
STU0262,Female,IT,TE,18.6,80.8,2.9,Low,No,61.6,77.5,63.1,72.4,63.5,67.7,B,Pass
STU0263,Male,IT,FE,7.0,48.2,1.0,Middle,Yes,29.7,36.6,30.0,37.9,31.4,37.7,D,Pass
STU0264,Male,Computer Engineering,TE,17.7,84.6,2.0,High,Yes,66.7,64.0,58.7,58.7,63.7,64.1,C,Pass
STU0265,Female,Computer Engineering,BE,18.6,87.7,0.3,High,Yes,74.8,76.0,70.9,75.0,78.4,78.9,A,Pass
STU0266,Female,IT,FE,11.4,78.1,1.8,Middle,No,64.2,65.0,66.4,55.1,63.0,58.4,C,Pass
STU0267,Female,AI & DS,BE,1.4,71.7,1.1,Middle,Yes,70.1,75.9,73.4,62.2,59.5,64.1,C,Pass
STU0268,Female,AI & DS,SE,9.0,63.1,5.2,Low,No,32.5,27.0,26.2,25.9,32.5,24.3,F,Fail
STU0269,Male,Mechanical,BE,18.5,89.5,0.2,Middle,Yes,88.9,94.5,100.0,98.3,100.0,94.0,A+,Pass
STU0270,Male,Civil,TE,11.9,85.0,1.6,Middle,Yes,78.5,75.8,76.4,75.3,75.4,75.6,A,Pass
STU0271,Female,Computer Engineering,SE,7.0,54.9,1.8,Middle,Yes,40.4,22.3,36.0,36.7,44.1,36.6,D,Pass
STU0272,Female,Computer Engineering,TE,9.5,74.9,3.9,Middle,No,47.2,54.5,48.0,50.9,43.7,50.0,C,Pass
STU0273,Female,IT,BE,16.2,77.0,2.6,Low,No,53.1,58.5,55.8,54.6,64.2,57.7,C,Pass
STU0274,Female,Computer Engineering,SE,14.7,78.5,3.3,Low,Yes,78.9,71.8,59.9,63.6,75.5,69.2,B,Pass
STU0275,Male,AI & DS,SE,10.8,76.8,4.5,Low,Yes,76.8,71.1,77.0,64.9,80.6,75.4,A,Pass
STU0276,Male,AI & DS,TE,10.2,69.3,5.9,Low,Yes,64.0,57.9,60.0,56.0,60.1,60.2,C,Pass
STU0277,Female,E&TC,BE,10.0,67.6,1.1,Low,Yes,57.3,59.7,66.7,65.0,44.5,62.2,C,Pass
STU0278,Female,E&TC,TE,7.4,69.9,2.3,High,Yes,37.7,51.1,45.6,40.8,41.1,45.0,D,Pass
STU0279,Female,AI & DS,TE,20.1,77.4,5.5,Middle,Yes,54.9,56.0,57.3,56.9,54.5,58.3,C,Pass
STU0280,Female,Computer Engineering,SE,10.4,64.8,13.7,Middle,Yes,42.9,56.1,38.4,46.4,37.7,43.6,D,Pass
STU0281,Female,Computer Engineering,BE,18.1,88.9,6.6,High,Yes,82.0,91.0,88.8,91.5,89.1,88.4,A+,Pass
STU0282,Male,E&TC,FE,19.6,76.3,1.4,High,Yes,59.7,52.1,64.2,53.3,57.3,59.8,C,Pass
STU0283,Male,AI & DS,SE,17.0,87.4,0.7,Middle,Yes,53.3,62.6,56.5,69.4,58.5,63.4,C,Pass
STU0284,Male,AI & DS,FE,9.8,76.5,2.0,High,Yes,52.0,54.8,59.2,65.5,52.3,58.7,C,Pass
STU0285,Female,E&TC,SE,14.0,64.4,4.1,Low,Yes,53.5,36.3,50.9,42.7,45.2,49.5,D,Pass
STU0286,Male,AI & DS,SE,11.9,70.0,2.0,Low,Yes,53.9,59.9,46.0,45.4,57.0,50.3,C,Pass
STU0287,Male,E&TC,SE,7.5,79.3,2.0,Middle,Yes,45.5,52.1,44.4,55.0,43.9,47.9,D,Pass
STU0288,Male,Computer Engineering,TE,13.6,69.9,5.5,Middle,Yes,38.2,47.5,45.7,43.4,41.2,44.3,D,Pass
STU0289,Male,AI & DS,SE,6.1,64.2,1.3,Middle,Yes,28.9,36.1,28.3,21.8,32.4,35.1,D,Pass
STU0290,Female,Computer Engineering,SE,17.9,87.0,5.9,Low,Yes,80.0,73.9,84.3,73.8,84.2,82.2,A,Pass
STU0291,Male,E&TC,FE,9.7,78.8,1.6,Low,Yes,46.0,39.2,36.7,40.6,44.8,42.1,D,Pass
STU0292,Male,Mechanical,SE,13.0,74.9,1.2,Middle,Yes,50.5,50.0,51.3,37.9,26.6,44.9,D,Pass
STU0293,Female,Mechanical,FE,13.4,72.7,1.8,Low,No,46.3,43.0,63.3,46.8,55.4,49.3,D,Pass
STU0294,Male,Computer Engineering,FE,10.7,85.3,4.3,Middle,No,54.2,45.9,55.9,61.3,69.7,61.1,C,Pass
STU0295,Male,E&TC,TE,14.9,93.3,0.4,Middle,Yes,72.6,69.6,74.2,79.8,64.7,71.0,B,Pass
STU0296,Male,Computer Engineering,TE,9.6,80.3,0.7,Middle,Yes,48.3,52.3,48.8,51.5,47.4,53.2,C,Pass
STU0297,Female,Computer Engineering,TE,16.4,81.9,9.1,Middle,Yes,64.0,67.9,73.3,73.5,64.4,67.1,B,Pass
STU0298,Male,Mechanical,SE,5.3,60.4,0.6,High,No,24.8,21.2,9.2,25.4,12.3,16.8,F,Fail
STU0299,Female,AI & DS,SE,12.6,69.8,2.5,Middle,Yes,71.9,70.7,69.8,75.5,68.2,66.9,B,Pass
STU0300,Male,AI & DS,BE,21.7,92.4,2.6,Middle,Yes,91.1,91.8,85.0,91.9,78.5,90.2,A+,Pass
STU0301,Male,Computer Engineering,SE,7.0,72.4,2.0,Middle,Yes,37.7,52.5,44.1,33.5,38.6,45.3,D,Pass
STU0302,Male,AI & DS,SE,8.6,82.4,3.1,Low,Yes,68.6,58.2,61.1,70.1,76.5,67.3,B,Pass
STU0303,Male,AI & DS,FE,14.6,84.1,0.8,Low,Yes,62.9,59.5,61.4,62.8,50.9,56.5,C,Pass
STU0304,Female,IT,SE,12.9,64.7,2.4,Low,Yes,71.6,77.7,68.9,73.4,81.4,73.9,B,Pass
STU0305,Female,Computer Engineering,SE,13.8,86.3,1.4,Middle,Yes,78.3,62.8,73.5,80.7,72.3,70.2,B,Pass
STU0306,Female,Mechanical,SE,14.4,70.8,3.3,Middle,Yes,68.2,51.4,58.3,65.6,49.5,60.4,C,Pass
STU0307,Male,Mechanical,SE,15.2,76.7,0.5,High,Yes,79.4,64.9,68.7,72.8,73.2,69.4,B,Pass
STU0308,Male,Computer Engineering,SE,17.5,84.8,2.5,Low,Yes,75.5,69.7,74.6,80.2,73.0,73.7,B,Pass
STU0309,Female,Computer Engineering,TE,14.0,94.2,0.6,Low,No,82.7,83.7,74.6,81.2,76.5,79.2,A,Pass
STU0310,Male,Computer Engineering,TE,10.8,98.9,1.0,High,Yes,61.2,49.0,54.0,37.7,54.2,52.7,C,Pass
STU0311,Male,IT,BE,15.4,84.8,0.7,Low,Yes,65.4,57.6,71.9,59.7,65.5,62.7,C,Pass
STU0312,Male,Computer Engineering,TE,21.5,86.5,0.6,Middle,Yes,94.7,94.0,93.0,100.0,100.0,97.7,A+,Pass
STU0313,Male,IT,BE,11.3,79.0,5.2,Middle,Yes,48.5,57.9,58.2,46.4,58.3,51.2,C,Pass
STU0314,Female,Computer Engineering,FE,7.1,76.4,1.0,Middle,No,57.5,56.2,65.1,54.8,58.5,56.1,C,Pass
STU0315,Female,IT,FE,17.5,80.2,7.9,Low,Yes,82.3,88.9,85.1,83.7,81.7,90.0,A+,Pass
STU0316,Female,Computer Engineering,FE,11.4,89.2,10.5,Low,No,44.1,44.3,36.3,55.7,42.2,45.0,D,Pass
STU0317,Male,Computer Engineering,TE,1.1,63.3,2.5,Low,Yes,50.0,51.2,45.2,53.5,61.1,43.4,D,Pass
STU0318,Male,Civil,BE,16.2,85.1,0.5,Middle,No,40.1,48.7,49.9,47.9,57.5,53.2,C,Pass
STU0319,Male,E&TC,FE,9.3,77.4,1.4,Middle,Yes,75.1,73.8,77.1,66.8,80.1,65.9,B,Pass
STU0320,Male,AI & DS,BE,11.5,78.4,4.8,Low,Yes,68.1,62.7,61.6,57.3,69.8,61.4,C,Pass
STU0321,Male,Mechanical,FE,13.7,84.5,1.4,Middle,Yes,70.6,72.4,68.6,77.1,74.9,73.4,B,Pass
STU0322,Female,IT,BE,13.0,71.9,0.3,High,No,52.5,64.2,42.3,52.3,51.0,49.2,D,Pass
STU0323,Female,Mechanical,SE,15.5,75.7,2.4,Low,No,41.7,35.4,48.2,46.6,41.5,41.7,D,Pass
STU0324,Male,E&TC,FE,9.8,64.0,5.6,Middle,Yes,64.6,55.1,53.8,59.2,46.8,57.2,C,Pass
STU0325,Female,Computer Engineering,SE,14.6,82.5,4.8,Middle,No,40.5,27.2,34.9,52.2,34.7,34.6,F,Fail
STU0326,Female,AI & DS,FE,10.7,80.1,0.6,Low,Yes,48.8,62.9,62.9,51.0,64.5,57.2,C,Pass
STU0327,Female,Computer Engineering,FE,15.7,84.1,3.4,Low,Yes,85.1,91.7,78.7,71.3,78.0,81.6,A,Pass
STU0328,Female,IT,SE,15.1,93.0,0.7,Middle,Yes,74.4,85.6,75.3,73.2,78.1,75.6,A,Pass
STU0329,Male,IT,BE,7.3,69.5,0.7,High,Yes,75.0,81.8,74.4,65.1,79.6,74.5,B,Pass
STU0330,Male,Computer Engineering,SE,17.4,88.0,6.2,High,Yes,80.5,83.7,89.0,75.9,79.4,84.9,A,Pass
STU0331,Male,AI & DS,SE,9.3,63.4,0.9,Middle,Yes,56.4,43.7,49.4,39.9,43.2,45.9,D,Pass
STU0332,Female,Mechanical,TE,16.0,77.8,0.9,Middle,Yes,77.9,61.7,70.4,66.2,65.6,71.7,B,Pass
STU0333,Male,Civil,TE,13.8,83.6,0.0,Middle,Yes,64.0,80.6,68.8,62.7,63.5,68.4,B,Pass
STU0334,Male,IT,FE,21.2,94.3,6.1,Middle,Yes,55.2,66.0,61.0,66.3,55.5,63.2,C,Pass
STU0335,Male,AI & DS,SE,10.9,71.8,4.7,Middle,Yes,42.4,41.7,35.8,41.7,39.3,44.7,D,Pass
STU0336,Male,Computer Engineering,FE,10.3,72.8,3.0,Low,Yes,52.2,57.6,51.1,48.5,58.1,49.6,D,Pass
STU0337,Female,AI & DS,FE,11.9,63.3,4.2,Middle,Yes,33.5,26.3,43.5,37.5,26.6,32.1,F,Fail
STU0338,Female,Civil,TE,10.5,70.8,0.5,Middle,Yes,66.4,61.3,53.6,54.3,59.7,58.9,C,Pass
STU0339,Male,AI & DS,FE,16.0,87.9,1.8,Middle,Yes,74.8,69.1,65.5,68.5,67.1,70.1,B,Pass
STU0340,Male,IT,SE,3.9,69.7,1.3,High,Yes,29.3,27.3,18.3,25.7,30.6,23.5,F,Fail
STU0341,Male,Computer Engineering,TE,6.7,72.8,0.3,Low,Yes,57.9,55.5,60.2,44.3,63.8,55.9,C,Pass
STU0342,Male,IT,FE,6.7,69.1,2.0,Low,Yes,48.9,48.5,59.9,42.9,62.4,57.2,C,Pass
STU0343,Male,E&TC,SE,16.8,81.8,7.6,Low,Yes,70.1,71.8,70.3,73.4,73.1,71.3,B,Pass
STU0344,Male,Mechanical,FE,20.6,81.4,0.1,Middle,Yes,84.9,84.8,73.0,81.5,77.1,78.5,A,Pass
STU0345,Male,Computer Engineering,BE,11.5,80.5,1.0,Middle,Yes,69.2,69.3,70.1,81.9,62.3,69.5,B,Pass
STU0346,Female,AI & DS,SE,11.2,77.9,0.7,Low,Yes,72.5,74.2,60.1,70.4,81.2,69.5,B,Pass
STU0347,Female,AI & DS,BE,12.4,80.0,0.8,Middle,No,59.1,54.7,61.9,65.9,56.4,61.0,C,Pass
STU0348,Male,Civil,SE,17.8,78.9,7.2,Middle,No,47.3,53.3,58.7,52.3,57.5,53.5,C,Pass
STU0349,Male,Mechanical,FE,7.4,52.3,1.9,Middle,Yes,48.7,45.7,41.9,51.2,55.8,49.4,D,Pass
STU0350,Female,IT,TE,13.2,85.9,1.9,Middle,Yes,82.9,85.5,71.8,91.0,77.7,81.0,A,Pass
STU0351,Male,IT,BE,16.9,78.1,4.3,Middle,Yes,59.5,63.6,72.9,50.7,69.6,63.4,C,Pass
STU0352,Female,E&TC,TE,14.5,72.0,0.5,High,Yes,90.8,96.3,88.5,94.7,96.8,92.2,A+,Pass
STU0353,Female,AI & DS,BE,12.9,82.4,2.0,Low,No,46.3,58.4,58.7,64.7,62.3,51.9,C,Pass
STU0354,Male,Civil,BE,17.0,79.0,1.7,Low,Yes,80.2,77.6,72.6,75.2,70.7,73.5,B,Pass
STU0355,Male,Computer Engineering,FE,1.0,69.8,2.7,Middle,Yes,26.5,29.9,27.3,38.2,20.6,28.3,F,Fail
STU0356,Female,Computer Engineering,FE,15.4,84.9,15.0,High,Yes,71.9,57.2,65.8,59.4,60.2,63.2,C,Pass
STU0357,Male,IT,TE,8.7,76.8,4.4,Middle,No,34.3,25.1,19.8,24.9,26.4,25.1,F,Fail
STU0358,Female,AI & DS,SE,2.8,52.8,1.5,Low,Yes,29.9,27.2,31.2,30.6,30.7,30.4,F,Fail
STU0359,Female,AI & DS,BE,14.6,88.6,5.3,Low,Yes,48.3,52.3,52.1,41.1,52.0,54.4,C,Pass
STU0360,Female,E&TC,BE,18.9,86.6,0.6,Middle,Yes,69.0,79.3,73.6,74.5,70.0,81.5,A,Pass
STU0361,Male,AI & DS,SE,11.3,71.8,0.1,Low,Yes,63.8,66.7,74.6,66.0,75.4,72.6,B,Pass
STU0362,Female,IT,FE,16.8,82.9,0.7,Middle,Yes,73.9,70.4,80.5,87.0,93.9,82.1,A,Pass
STU0363,Male,Computer Engineering,TE,20.1,71.9,1.2,High,Yes,57.9,45.6,48.7,54.8,52.4,49.6,D,Pass
STU0364,Male,Computer Engineering,FE,18.6,87.4,2.1,Middle,No,96.4,96.9,88.4,97.6,99.4,95.7,A+,Pass
STU0365,Female,Computer Engineering,BE,20.2,78.0,2.9,Middle,No,77.5,67.1,84.7,80.1,78.6,75.2,A,Pass
STU0366,Male,Computer Engineering,SE,15.7,69.6,7.2,Middle,No,34.0,47.4,52.6,46.3,49.7,47.3,D,Pass
STU0367,Female,E&TC,TE,12.4,63.9,2.1,Low,Yes,53.9,72.5,66.9,68.3,66.7,61.1,C,Pass
STU0368,Female,Computer Engineering,FE,4.0,74.1,2.1,High,Yes,51.6,52.4,44.5,46.4,48.7,46.3,D,Pass
STU0369,Male,IT,TE,10.8,69.0,0.2,Middle,Yes,52.4,60.6,40.3,51.0,48.8,50.7,C,Pass
STU0370,Male,IT,SE,7.8,82.4,0.1,Middle,Yes,57.3,60.5,69.9,56.6,53.4,58.2,C,Pass
STU0371,Male,E&TC,SE,22.9,85.4,2.4,Middle,Yes,82.5,86.1,78.7,83.2,77.6,79.1,A,Pass
STU0372,Male,Civil,FE,11.1,60.8,1.7,Middle,Yes,61.1,47.0,46.8,48.8,53.2,51.3,C,Pass
STU0373,Male,E&TC,TE,12.6,67.5,5.5,Middle,Yes,48.4,45.8,52.2,55.6,47.8,49.7,D,Pass
STU0374,Female,Computer Engineering,BE,14.8,89.1,0.5,Low,Yes,55.0,38.2,61.6,47.8,56.5,54.6,C,Pass
STU0375,Male,AI & DS,FE,12.2,74.6,0.1,High,Yes,66.2,72.1,64.9,58.4,67.6,65.0,B,Pass
STU0376,Male,Computer Engineering,FE,20.5,82.2,1.8,High,Yes,100.0,97.3,95.8,92.2,93.1,88.1,A+,Pass
STU0377,Female,IT,FE,8.9,72.8,0.8,Middle,Yes,48.8,58.1,67.9,60.9,69.1,61.4,C,Pass
STU0378,Male,AI & DS,TE,13.0,80.9,0.2,High,Yes,80.3,74.7,69.7,73.5,76.7,76.2,A,Pass
STU0379,Female,IT,TE,8.3,79.7,3.9,Low,Yes,56.4,52.6,53.1,62.4,49.3,57.1,C,Pass
STU0380,Male,IT,SE,5.4,78.6,0.4,Middle,Yes,46.7,45.6,49.0,39.7,41.2,43.3,D,Pass
STU0381,Male,Computer Engineering,FE,8.9,68.7,2.8,Middle,Yes,58.9,69.5,46.5,61.6,63.1,62.8,C,Pass
STU0382,Female,E&TC,SE,11.8,64.8,1.0,Middle,Yes,42.6,32.4,42.0,51.3,31.9,42.9,D,Pass
STU0383,Female,AI & DS,SE,9.9,69.5,0.6,Middle,Yes,50.1,48.3,37.2,55.0,54.1,45.8,D,Pass
STU0384,Female,AI & DS,SE,8.5,73.2,1.4,Low,Yes,61.2,40.8,39.6,51.9,43.4,42.5,D,Pass
STU0385,Female,E&TC,BE,5.0,58.7,4.9,Low,Yes,58.0,53.9,51.4,51.5,55.5,53.2,C,Pass
STU0386,Female,IT,FE,11.6,67.4,1.5,Middle,Yes,65.2,73.1,68.2,77.7,78.5,70.3,B,Pass
STU0387,Male,E&TC,TE,4.5,68.6,4.2,Low,Yes,45.6,47.0,44.8,42.4,44.3,48.1,D,Pass
STU0388,Male,Computer Engineering,SE,15.8,80.2,0.4,Middle,Yes,82.1,84.2,78.2,79.4,88.2,84.8,A,Pass
STU0389,Female,Computer Engineering,SE,12.4,76.4,4.4,Low,Yes,39.3,48.8,63.9,36.0,49.4,50.1,C,Pass
STU0390,Female,Mechanical,TE,4.7,60.1,0.8,Low,Yes,45.4,53.2,58.6,57.4,46.3,47.4,D,Pass
STU0391,Female,E&TC,TE,10.5,71.7,3.4,Middle,Yes,59.1,57.2,47.7,49.5,50.1,54.7,C,Pass
STU0392,Male,E&TC,BE,8.2,63.3,2.5,Middle,No,45.7,54.6,62.8,52.5,63.3,53.3,C,Pass
STU0393,Male,Computer Engineering,FE,13.6,84.8,7.9,High,Yes,67.3,53.4,58.6,55.5,58.7,61.0,C,Pass
STU0394,Female,IT,FE,18.7,92.6,1.5,Middle,Yes,78.5,73.3,76.4,79.8,79.8,75.6,A,Pass
STU0395,Male,Computer Engineering,TE,2.6,48.6,0.2,Low,Yes,38.6,48.4,42.6,40.7,31.7,43.0,D,Pass
STU0396,Female,AI & DS,SE,12.6,68.9,0.1,High,Yes,72.3,73.3,69.1,65.3,80.2,73.1,B,Pass
STU0397,Female,Civil,FE,11.2,62.6,5.3,Middle,Yes,55.5,49.9,51.8,48.5,52.2,45.9,D,Pass
STU0398,Male,AI & DS,FE,15.4,74.8,2.2,Low,Yes,71.8,78.0,68.2,58.8,68.0,67.4,B,Pass
STU0399,Female,Civil,FE,13.1,76.3,4.5,Middle,Yes,49.3,55.4,46.3,44.2,47.8,49.2,D,Pass
STU0400,Female,Computer Engineering,BE,8.2,59.1,0.8,High,Yes,19.1,21.1,12.7,7.9,22.9,20.5,F,Fail
STU0401,Male,AI & DS,FE,10.4,66.2,1.3,Middle,Yes,59.3,55.7,53.4,50.3,72.5,58.8,C,Pass
STU0402,Female,IT,SE,8.0,62.4,0.1,Low,Yes,55.6,43.4,48.9,59.8,48.1,58.7,C,Pass
STU0403,Male,Mechanical,FE,17.4,84.3,9.8,Low,Yes,59.3,70.9,72.0,60.1,76.6,71.9,B,Pass
STU0404,Female,E&TC,SE,12.1,76.3,3.3,Low,Yes,49.8,35.5,30.3,28.6,32.0,37.5,D,Pass
STU0405,Male,Mechanical,FE,21.5,82.2,8.1,Middle,Yes,74.9,76.3,72.4,74.0,73.9,74.0,B,Pass
STU0406,Female,E&TC,SE,11.7,76.6,0.9,Middle,No,30.8,27.5,36.6,25.1,26.9,28.4,F,Fail
STU0407,Male,E&TC,FE,8.5,66.6,2.8,Low,Yes,67.3,65.7,74.8,79.6,65.0,67.6,B,Pass
STU0408,Male,Mechanical,BE,4.4,63.6,3.4,High,Yes,24.0,17.7,28.2,39.4,28.3,28.4,F,Fail
STU0409,Female,Computer Engineering,FE,3.0,77.3,1.1,Middle,Yes,57.6,53.1,58.2,53.5,51.9,58.7,C,Pass
STU0410,Male,IT,SE,4.1,76.0,5.7,Middle,Yes,43.8,56.3,64.7,56.7,59.6,53.4,C,Pass
STU0411,Male,Computer Engineering,BE,13.3,66.9,8.8,High,No,52.6,49.2,42.0,43.4,28.1,38.9,D,Pass
STU0412,Female,Civil,TE,14.5,85.5,6.5,Low,Yes,44.7,51.5,50.1,48.5,55.3,52.1,C,Pass
STU0413,Female,Civil,SE,4.1,71.8,4.0,Middle,No,33.3,41.5,30.9,30.5,37.5,39.5,D,Pass
STU0414,Female,AI & DS,SE,16.5,72.2,1.0,Middle,Yes,58.1,66.4,63.1,60.6,53.7,60.7,C,Pass
STU0415,Female,E&TC,SE,9.6,79.0,1.0,High,Yes,67.0,54.4,64.3,58.3,60.5,59.3,C,Pass
STU0416,Male,Civil,TE,12.7,88.9,9.9,Middle,Yes,54.3,56.4,50.4,51.6,44.9,54.2,C,Pass
STU0417,Male,AI & DS,BE,20.1,77.1,0.0,Low,No,44.6,47.6,53.7,54.7,52.2,52.0,C,Pass
STU0418,Male,IT,TE,16.5,74.1,3.8,High,Yes,49.9,47.6,40.2,37.9,33.9,42.4,D,Pass
STU0419,Female,Civil,SE,10.7,82.0,3.7,Low,Yes,66.1,62.6,60.6,54.8,64.5,61.7,C,Pass
STU0420,Female,AI & DS,TE,7.5,72.0,2.9,High,Yes,47.0,45.6,28.9,44.5,38.3,43.8,D,Pass
STU0421,Female,E&TC,SE,1.2,66.0,13.8,High,Yes,24.7,15.7,19.1,22.7,17.7,20.4,F,Fail
STU0422,Female,Computer Engineering,FE,8.4,73.7,1.1,Low,No,69.9,59.7,61.3,48.4,57.3,55.5,C,Pass
STU0423,Male,Civil,SE,10.9,77.4,1.2,Middle,Yes,87.5,86.9,70.6,80.0,69.8,74.4,B,Pass
STU0424,Male,Civil,BE,7.1,58.6,0.2,Low,Yes,40.9,39.0,45.3,34.4,44.7,45.0,D,Pass
STU0425,Male,Civil,FE,11.3,83.1,1.8,Middle,Yes,67.8,56.1,53.6,54.6,49.0,58.1,C,Pass
STU0426,Male,IT,TE,12.4,85.5,0.9,Middle,Yes,73.9,73.0,73.8,70.1,75.4,71.6,B,Pass
STU0427,Male,Mechanical,FE,10.9,72.3,1.3,Middle,No,38.6,40.3,34.3,31.8,46.2,35.6,D,Pass
STU0428,Female,Mechanical,SE,8.7,71.0,5.4,High,Yes,43.3,50.1,47.9,50.1,70.3,53.5,C,Pass
STU0429,Male,Computer Engineering,FE,12.8,64.4,8.2,Middle,Yes,61.1,45.1,70.1,73.3,62.6,62.1,C,Pass
STU0430,Male,Mechanical,SE,14.2,82.6,0.6,Middle,No,65.3,78.4,75.8,65.1,74.9,70.2,B,Pass
STU0431,Male,AI & DS,TE,6.5,73.1,1.4,High,Yes,31.7,31.3,23.1,41.3,16.0,26.7,F,Fail
STU0432,Female,IT,SE,19.1,84.3,7.9,High,Yes,71.0,54.1,67.6,67.2,73.6,64.6,C,Pass
STU0433,Female,Computer Engineering,TE,11.5,84.0,0.2,Low,Yes,41.1,49.9,56.7,54.1,58.2,53.5,C,Pass
STU0434,Male,AI & DS,TE,12.1,73.0,0.3,High,Yes,63.5,73.0,67.5,66.5,60.7,63.6,C,Pass
STU0435,Male,AI & DS,BE,15.5,84.7,0.5,Low,Yes,84.9,86.9,68.0,93.4,85.6,78.2,A,Pass
STU0436,Female,E&TC,FE,13.2,69.0,2.7,High,No,71.6,78.3,78.7,66.7,71.2,72.7,B,Pass
STU0437,Male,Computer Engineering,SE,16.8,81.6,0.5,Low,Yes,72.7,67.2,64.9,61.6,65.6,68.3,B,Pass
STU0438,Female,E&TC,FE,13.4,76.1,10.3,Low,Yes,54.1,52.5,49.9,47.5,54.9,52.0,C,Pass
STU0439,Female,AI & DS,BE,8.9,73.4,1.8,Middle,No,63.5,60.7,77.3,61.7,55.1,61.5,C,Pass
STU0440,Male,Computer Engineering,BE,13.8,75.0,2.1,Middle,Yes,67.0,75.4,70.4,58.2,74.7,68.6,B,Pass
STU0441,Male,IT,SE,6.3,67.1,0.8,Middle,Yes,56.2,58.2,61.2,63.6,57.2,63.5,C,Pass
STU0442,Female,E&TC,BE,12.5,82.9,1.9,Low,Yes,61.3,63.2,54.8,78.2,61.7,68.0,B,Pass
STU0443,Male,Computer Engineering,SE,11.8,71.9,3.3,Middle,No,42.6,44.4,46.6,39.2,32.8,38.3,D,Pass
STU0444,Male,IT,TE,11.0,61.4,4.2,High,Yes,38.1,37.7,29.9,36.2,42.6,38.0,D,Pass
STU0445,Female,Mechanical,FE,11.4,88.8,4.2,Middle,Yes,42.3,51.4,37.1,39.4,39.4,43.1,D,Pass
STU0446,Female,IT,TE,2.6,74.4,2.6,Low,Yes,46.4,44.9,46.9,54.3,40.8,48.9,D,Pass
STU0447,Female,Computer Engineering,FE,9.3,61.7,7.0,Middle,Yes,60.7,62.2,71.0,57.5,58.9,62.5,C,Pass
STU0448,Female,AI & DS,BE,12.5,81.7,5.1,Low,Yes,90.0,78.2,88.3,94.8,83.5,83.7,A,Pass
STU0449,Male,Mechanical,TE,12.8,72.6,4.2,High,Yes,68.8,70.8,69.9,82.4,63.7,70.8,B,Pass
STU0450,Male,AI & DS,TE,6.9,71.0,0.2,High,Yes,57.0,56.1,66.8,66.5,58.1,65.0,B,Pass
STU0451,Female,Mechanical,FE,18.3,86.2,0.0,Middle,Yes,76.6,69.2,68.5,72.0,84.8,72.1,B,Pass
STU0452,Female,IT,SE,7.7,68.1,0.7,Middle,No,29.5,22.1,31.5,36.9,25.5,30.7,F,Fail
STU0453,Male,Civil,FE,16.8,75.6,3.3,Middle,Yes,81.1,85.1,81.3,87.5,79.0,80.9,A,Pass
STU0454,Female,E&TC,SE,14.1,72.9,1.6,Middle,Yes,80.2,74.9,76.4,65.8,68.4,70.6,B,Pass
STU0455,Male,Civil,FE,8.8,64.1,1.5,High,Yes,53.4,43.1,59.3,50.3,51.0,53.5,C,Pass
STU0456,Male,Computer Engineering,BE,20.9,80.5,6.5,Middle,Yes,84.1,90.4,85.4,74.5,86.1,82.4,A,Pass
STU0457,Male,E&TC,SE,6.0,67.3,6.8,Middle,Yes,39.8,61.9,44.7,49.4,52.6,46.9,D,Pass
STU0458,Male,Computer Engineering,SE,16.6,75.8,7.2,Middle,Yes,81.2,82.8,87.0,86.5,80.7,82.5,A,Pass
STU0459,Male,IT,SE,17.0,87.6,1.1,Middle,Yes,94.9,87.4,90.6,83.1,83.8,91.2,A+,Pass
STU0460,Male,IT,SE,8.6,83.1,3.5,High,Yes,52.4,78.6,55.2,59.0,69.3,61.7,C,Pass
STU0461,Male,Mechanical,TE,19.0,80.0,1.0,Middle,Yes,89.4,80.3,85.8,80.1,87.6,88.2,A+,Pass
STU0462,Female,Civil,SE,10.7,75.9,0.6,Middle,Yes,66.8,66.3,66.7,60.8,76.6,66.2,B,Pass
STU0463,Female,E&TC,BE,13.4,81.5,0.6,Low,Yes,61.8,62.7,67.1,64.9,48.1,61.6,C,Pass
STU0464,Female,Computer Engineering,SE,13.3,81.1,1.3,Middle,Yes,81.5,83.4,74.2,70.9,76.5,75.3,A,Pass
STU0465,Female,Computer Engineering,BE,11.3,75.3,1.7,Middle,Yes,45.5,45.7,36.2,41.7,55.0,43.5,D,Pass
STU0466,Male,E&TC,BE,16.1,86.8,5.3,Low,Yes,91.7,79.8,83.1,73.0,80.7,82.8,A,Pass
STU0467,Male,Computer Engineering,FE,16.0,84.6,0.4,Low,Yes,53.0,53.3,59.7,60.1,57.6,59.0,C,Pass
STU0468,Female,AI & DS,BE,3.3,54.3,4.0,Middle,Yes,40.5,37.6,40.8,39.4,41.5,39.7,D,Pass
STU0469,Male,Computer Engineering,FE,18.5,91.0,2.3,Middle,Yes,69.2,62.7,74.2,64.3,65.3,68.7,B,Pass
STU0470,Female,Computer Engineering,BE,3.7,71.9,1.0,Middle,Yes,44.1,50.8,56.6,49.4,48.6,50.5,C,Pass
STU0471,Male,Computer Engineering,SE,17.2,76.2,2.0,Low,Yes,77.8,68.7,68.5,73.2,70.1,72.1,B,Pass
STU0472,Female,Computer Engineering,BE,17.6,83.2,1.1,Middle,Yes,70.7,47.8,53.1,51.9,53.0,56.8,C,Pass
STU0473,Male,AI & DS,BE,6.5,74.0,2.7,Low,No,47.0,54.6,40.9,38.2,54.5,47.1,D,Pass
STU0474,Female,AI & DS,BE,9.9,71.3,1.7,Middle,Yes,52.4,46.4,53.6,60.2,52.2,49.4,D,Pass
STU0475,Male,Civil,TE,6.5,77.0,0.5,Low,No,55.5,47.4,63.7,51.2,56.5,55.0,C,Pass
STU0476,Female,Computer Engineering,SE,10.9,93.1,0.4,Low,Yes,60.6,63.9,63.0,64.3,69.8,64.9,C,Pass
STU0477,Male,Computer Engineering,FE,10.5,67.3,2.4,Low,Yes,49.7,61.0,59.2,66.7,59.0,60.6,C,Pass
STU0478,Female,E&TC,SE,15.9,69.6,7.0,Middle,No,41.5,35.2,54.5,66.9,41.1,45.7,D,Pass
STU0479,Female,Computer Engineering,FE,18.6,86.5,1.3,Low,Yes,63.1,73.5,74.5,64.0,67.9,71.5,B,Pass
STU0480,Male,Civil,TE,19.0,90.4,4.0,Middle,Yes,83.0,66.5,75.4,75.5,72.8,72.8,B,Pass
STU0481,Female,E&TC,SE,9.2,70.1,3.2,Middle,Yes,62.8,73.8,56.4,59.3,57.1,63.5,C,Pass
STU0482,Female,AI & DS,BE,11.0,85.9,8.0,Middle,Yes,75.1,80.3,81.3,74.0,74.2,77.2,A,Pass
STU0483,Male,Computer Engineering,TE,3.6,53.9,5.2,Middle,Yes,31.5,23.8,20.6,21.9,23.1,26.2,F,Fail
STU0484,Female,Mechanical,BE,8.0,75.9,2.5,High,Yes,58.9,61.1,58.8,58.8,78.3,65.6,B,Pass
STU0485,Female,Civil,FE,16.8,77.0,3.2,Low,Yes,40.4,44.4,42.9,44.8,28.4,45.0,D,Pass
STU0486,Female,IT,BE,20.1,99.9,6.9,Middle,Yes,66.7,70.0,62.8,57.5,65.2,66.3,B,Pass
STU0487,Male,IT,BE,5.8,83.5,1.5,Low,No,38.6,32.2,31.1,38.1,42.8,32.4,F,Fail
STU0488,Male,AI & DS,SE,9.0,65.6,1.2,Low,Yes,40.2,35.9,28.6,37.5,37.9,37.2,D,Pass
STU0489,Female,Civil,TE,11.9,71.0,0.0,Middle,Yes,44.2,43.1,48.5,45.2,47.2,42.7,D,Pass
STU0490,Female,Computer Engineering,TE,13.4,84.3,5.3,Middle,Yes,69.5,65.4,75.8,66.2,69.6,69.0,B,Pass
STU0491,Male,Civil,FE,8.0,67.2,4.8,High,Yes,48.5,44.0,34.4,43.9,42.1,46.1,D,Pass
STU0492,Female,IT,SE,14.1,78.0,0.3,Middle,Yes,73.6,59.9,78.3,74.1,58.9,72.4,B,Pass
STU0493,Male,IT,SE,9.6,72.7,2.6,High,Yes,57.4,69.4,58.7,56.6,64.8,63.6,C,Pass
STU0494,Male,IT,FE,11.9,60.1,1.9,Low,Yes,61.1,62.6,65.9,58.7,56.1,60.8,C,Pass
STU0495,Male,Computer Engineering,SE,14.7,79.0,0.4,Low,Yes,70.9,72.7,76.9,72.1,72.5,77.3,A,Pass
STU0496,Male,AI & DS,FE,12.0,70.1,11.8,Low,Yes,52.0,62.9,51.7,46.2,48.5,51.5,C,Pass
STU0497,Female,Computer Engineering,FE,9.8,68.8,0.7,Low,No,32.1,35.5,33.9,22.3,45.5,35.0,D,Pass
STU0498,Male,AI & DS,FE,11.5,86.4,0.2,Middle,Yes,92.4,71.0,84.5,85.2,91.6,77.2,A,Pass
STU0499,Female,E&TC,BE,11.6,65.0,2.7,Middle,Yes,50.1,55.4,42.9,46.2,51.6,50.3,C,Pass
STU0500,Female,Computer Engineering,SE,10.1,79.7,4.0,Low,Yes,37.4,48.2,49.4,52.8,43.0,45.8,D,Pass
STU0501,Female,AI & DS,BE,10.7,71.7,0.1,High,Yes,56.4,59.6,63.8,63.6,50.1,57.2,C,Pass
STU0502,Male,Civil,SE,20.0,83.8,3.2,High,No,64.5,58.8,65.7,53.7,64.2,61.4,C,Pass
STU0503,Male,Mechanical,SE,14.8,85.6,2.3,Low,Yes,74.6,67.3,78.5,58.1,75.3,64.6,C,Pass
STU0504,Female,Civil,SE,10.5,76.4,0.3,Low,Yes,60.6,62.5,60.9,79.5,62.6,64.1,C,Pass
STU0505,Female,Civil,SE,15.5,84.7,0.6,Low,Yes,66.9,79.7,82.1,86.9,62.1,76.4,A,Pass
STU0506,Male,AI & DS,FE,10.3,81.2,2.5,Low,Yes,53.1,36.8,47.6,48.0,52.2,48.2,D,Pass
STU0507,Female,Computer Engineering,TE,17.9,80.6,1.1,Low,Yes,61.7,67.4,77.4,71.5,75.9,70.0,B,Pass
STU0508,Female,E&TC,FE,13.8,73.1,8.4,Middle,Yes,70.0,82.9,72.6,68.8,63.1,72.6,B,Pass
STU0509,Female,E&TC,TE,11.5,66.2,5.1,Low,No,53.0,49.9,52.2,57.1,55.6,54.5,C,Pass
STU0510,Female,AI & DS,TE,14.2,71.9,12.3,Middle,Yes,81.5,78.3,89.7,77.6,84.6,81.9,A,Pass
STU0511,Female,Mechanical,FE,4.1,89.0,0.9,High,No,60.5,53.7,53.5,44.2,56.0,56.4,C,Pass
STU0512,Male,Computer Engineering,FE,6.4,78.2,10.5,Middle,Yes,53.2,50.0,48.8,49.4,52.6,57.3,C,Pass
STU0513,Female,Computer Engineering,TE,6.0,57.0,1.7,High,Yes,26.3,14.7,24.8,28.0,34.0,27.9,F,Fail
STU0514,Female,IT,SE,12.7,65.9,1.3,Low,Yes,70.2,68.9,74.0,63.5,67.9,70.3,B,Pass
STU0515,Male,IT,FE,20.7,90.7,0.2,Middle,Yes,85.2,85.1,92.7,83.9,75.4,84.3,A,Pass
STU0516,Male,IT,BE,23.2,94.5,0.2,Middle,Yes,85.1,84.2,85.2,78.1,72.2,84.5,A,Pass
STU0517,Male,AI & DS,FE,15.2,84.1,3.5,Low,Yes,73.7,70.2,79.0,66.4,78.7,71.1,B,Pass
STU0518,Female,Mechanical,TE,14.5,76.8,1.8,Low,Yes,83.6,78.8,70.4,83.6,82.2,78.5,A,Pass
STU0519,Female,Computer Engineering,BE,3.0,62.9,0.8,Middle,Yes,48.8,52.5,43.7,47.9,46.9,46.4,D,Pass
STU0520,Male,AI & DS,FE,9.3,74.7,2.9,Middle,Yes,47.0,43.2,42.6,44.2,41.7,44.3,D,Pass
STU0521,Female,Mechanical,FE,8.1,71.2,0.9,Middle,Yes,52.4,58.5,61.2,67.2,58.7,61.9,C,Pass
STU0522,Male,Civil,FE,8.9,53.8,2.6,Middle,Yes,41.7,39.7,41.9,44.3,34.9,41.4,D,Pass
STU0523,Female,Mechanical,SE,11.2,72.7,1.3,Middle,Yes,65.0,65.6,66.2,70.8,59.5,62.1,C,Pass
STU0524,Female,Mechanical,FE,9.6,65.7,5.2,Low,Yes,52.3,56.4,45.2,45.1,35.2,47.9,D,Pass
STU0525,Female,E&TC,TE,2.1,64.1,5.2,Low,Yes,28.5,28.9,33.5,30.1,28.3,32.7,F,Fail
STU0526,Male,IT,FE,15.7,100.0,1.9,Low,No,73.7,78.3,77.4,69.9,75.8,77.7,A,Pass
STU0527,Male,AI & DS,SE,6.6,71.6,1.3,Low,Yes,33.9,39.3,31.7,34.7,41.0,37.3,D,Pass
STU0528,Male,Computer Engineering,BE,13.2,74.6,1.4,High,Yes,90.8,81.6,86.9,93.4,87.4,87.6,A+,Pass
STU0529,Male,Computer Engineering,BE,22.4,96.5,4.9,Middle,No,63.5,57.4,56.4,65.1,62.1,57.3,C,Pass
STU0530,Female,Computer Engineering,TE,7.4,73.5,1.2,Middle,Yes,42.4,36.0,43.8,50.6,52.9,44.8,D,Pass
STU0531,Female,E&TC,SE,1.0,64.7,0.7,Low,No,39.5,23.5,34.3,23.3,40.4,34.1,F,Fail
STU0532,Female,IT,TE,10.6,78.6,0.3,Middle,Yes,68.3,69.8,68.1,74.1,70.4,67.6,B,Pass
STU0533,Female,AI & DS,SE,17.5,99.2,1.9,Low,Yes,77.1,75.5,75.2,66.8,77.9,77.8,A,Pass
STU0534,Female,Computer Engineering,SE,21.8,79.3,2.0,Low,Yes,81.0,83.5,89.9,87.7,76.4,82.3,A,Pass
STU0535,Female,E&TC,FE,5.9,71.4,5.5,Low,Yes,54.2,49.6,42.7,47.5,54.1,49.7,D,Pass
STU0536,Female,AI & DS,BE,14.5,71.4,0.8,Middle,Yes,65.9,58.0,59.6,68.1,74.0,63.9,C,Pass
STU0537,Female,Mechanical,SE,9.7,77.0,1.4,Middle,Yes,87.8,73.8,90.8,66.1,76.2,74.1,B,Pass
STU0538,Male,IT,FE,11.5,67.6,5.0,Middle,Yes,61.0,58.7,59.9,73.1,77.6,66.1,B,Pass
STU0539,Male,IT,SE,25.2,89.4,5.2,Middle,Yes,100.0,100.0,91.9,91.2,90.8,100.0,A+,Pass
STU0540,Male,IT,SE,4.5,63.5,1.5,High,Yes,28.3,23.4,35.9,27.5,24.6,31.5,F,Fail
STU0541,Female,Mechanical,BE,13.3,85.1,1.8,Low,Yes,60.5,64.5,53.2,59.7,70.8,65.7,B,Pass
STU0542,Female,Computer Engineering,TE,14.3,86.0,1.1,Low,Yes,66.0,59.8,64.7,55.6,67.7,66.1,B,Pass
STU0543,Male,E&TC,TE,17.4,72.7,8.1,Low,Yes,56.0,58.6,68.1,55.8,63.1,55.2,C,Pass
STU0544,Female,IT,FE,12.5,76.7,0.4,Middle,No,78.9,59.4,52.1,72.2,61.3,61.4,C,Pass
STU0545,Female,Computer Engineering,SE,13.5,71.9,8.1,High,Yes,51.3,49.3,40.5,68.4,47.2,52.4,C,Pass
STU0546,Male,Mechanical,SE,10.0,63.0,3.5,Low,No,47.1,59.0,44.9,54.5,52.6,53.9,C,Pass
STU0547,Male,E&TC,FE,13.3,75.6,2.3,High,Yes,52.9,51.5,56.7,58.0,42.1,51.3,C,Pass
STU0548,Female,E&TC,FE,10.3,70.9,0.1,High,Yes,66.5,82.0,85.6,80.3,72.1,78.9,A,Pass
STU0549,Male,Mechanical,TE,15.1,99.1,1.9,Low,Yes,62.6,57.3,60.1,66.2,69.0,63.2,C,Pass
STU0550,Female,Mechanical,FE,10.2,76.7,1.6,Middle,Yes,61.0,52.5,65.0,58.8,66.1,60.9,C,Pass
STU0551,Male,E&TC,SE,13.9,67.0,0.5,Middle,Yes,78.8,74.6,82.3,75.2,76.2,74.0,B,Pass
STU0552,Female,Mechanical,FE,11.9,70.9,3.2,High,Yes,58.0,50.3,62.9,55.4,41.9,52.2,C,Pass
STU0553,Female,E&TC,FE,17.6,91.1,10.6,Low,Yes,77.5,84.3,79.0,77.0,78.3,80.5,A,Pass
STU0554,Female,E&TC,FE,11.7,92.0,2.5,Middle,Yes,49.0,49.4,36.1,49.4,42.6,49.9,D,Pass
STU0555,Female,IT,BE,3.1,51.4,3.8,Low,Yes,48.2,54.0,47.9,52.4,59.9,52.8,C,Pass
STU0556,Male,E&TC,BE,18.3,68.8,0.2,Middle,Yes,67.8,64.9,72.0,79.6,71.1,74.6,B,Pass
STU0557,Male,AI & DS,BE,7.5,84.7,1.6,Middle,Yes,49.3,58.7,45.8,41.0,40.9,47.4,D,Pass
STU0558,Male,Mechanical,SE,8.7,74.5,0.4,Middle,Yes,44.5,51.1,51.0,51.8,52.3,52.1,C,Pass
STU0559,Female,Mechanical,FE,9.0,64.8,2.8,High,Yes,59.1,65.8,68.3,73.1,57.8,61.6,C,Pass
STU0560,Female,AI & DS,SE,18.9,88.8,8.4,High,Yes,61.1,62.1,74.7,74.1,76.0,67.1,B,Pass
STU0561,Female,Mechanical,SE,1.3,40.6,3.3,High,Yes,23.6,22.1,19.3,28.4,15.9,20.3,F,Fail
STU0562,Male,AI & DS,BE,27.7,96.0,0.2,Low,Yes,100.0,90.5,100.0,98.4,89.9,98.3,A+,Pass
STU0563,Male,Computer Engineering,FE,17.3,85.1,1.3,Middle,Yes,53.6,64.1,63.5,63.3,48.5,61.4,C,Pass
STU0564,Male,E&TC,SE,13.1,84.4,2.4,Low,Yes,76.5,85.5,88.0,93.6,87.4,87.6,A+,Pass
STU0565,Male,AI & DS,FE,11.7,67.1,1.5,Middle,Yes,51.7,52.6,57.8,61.8,49.0,52.4,C,Pass
STU0566,Female,Mechanical,SE,13.4,78.1,5.4,Middle,Yes,72.5,76.6,72.8,60.7,63.8,72.4,B,Pass
STU0567,Male,Mechanical,TE,14.6,71.6,5.1,Middle,No,60.3,51.6,71.3,51.1,66.1,59.0,C,Pass
STU0568,Male,IT,SE,15.2,81.8,2.8,Middle,No,47.6,46.2,41.7,58.2,54.3,50.3,C,Pass
STU0569,Female,AI & DS,SE,14.8,72.0,1.4,High,Yes,65.7,69.6,63.8,65.2,66.7,66.9,B,Pass
STU0570,Male,Computer Engineering,SE,12.4,72.9,0.9,Low,Yes,74.3,84.7,71.3,68.1,80.3,72.1,B,Pass
STU0571,Male,IT,SE,11.0,66.4,0.3,Middle,Yes,62.4,55.4,58.8,48.7,60.2,56.2,C,Pass
STU0572,Female,Civil,TE,11.2,79.8,1.3,Middle,Yes,64.1,79.3,83.4,72.5,70.9,75.8,A,Pass
STU0573,Male,IT,BE,11.0,81.2,1.6,Low,Yes,71.2,72.8,73.3,65.0,67.2,73.4,B,Pass
STU0574,Female,Computer Engineering,BE,17.7,81.1,3.4,Low,Yes,86.0,96.4,76.2,97.2,89.6,84.7,A,Pass
STU0575,Female,IT,TE,15.0,79.8,3.2,High,No,49.8,44.8,60.4,55.2,57.7,55.3,C,Pass
STU0576,Female,IT,SE,1.0,49.7,0.2,High,Yes,30.8,21.0,24.9,20.1,21.4,20.4,F,Fail
STU0577,Male,E&TC,TE,15.3,77.5,1.5,High,Yes,58.1,52.1,50.2,65.4,56.8,61.9,C,Pass
STU0578,Female,AI & DS,SE,13.0,76.5,0.6,High,Yes,67.0,52.2,67.2,73.0,70.8,67.2,B,Pass
STU0579,Male,E&TC,FE,11.9,96.4,0.5,Low,Yes,77.6,76.1,64.8,80.0,69.8,74.3,B,Pass
STU0580,Male,IT,BE,10.1,64.2,5.3,Middle,Yes,22.4,26.7,21.9,32.3,25.3,25.9,F,Fail
STU0581,Male,Civil,FE,17.6,94.6,0.1,Middle,No,61.4,70.8,67.1,68.7,81.2,72.5,B,Pass
STU0582,Female,Computer Engineering,BE,16.7,89.7,1.6,Middle,Yes,74.6,76.6,82.1,75.4,73.2,77.2,A,Pass
STU0583,Male,IT,SE,8.1,72.8,0.6,Middle,Yes,56.7,69.1,51.2,55.1,41.1,50.5,C,Pass
STU0584,Male,Civil,TE,14.0,92.3,6.3,Middle,Yes,80.0,80.5,74.3,78.8,75.7,82.0,A,Pass
STU0585,Female,AI & DS,TE,7.1,72.3,2.4,Middle,Yes,50.1,58.3,60.5,55.2,61.2,55.2,C,Pass
STU0586,Male,Civil,BE,5.1,69.7,0.8,Middle,Yes,67.8,58.3,53.6,64.6,63.7,62.2,C,Pass
STU0587,Male,E&TC,TE,8.9,71.1,2.1,Low,Yes,49.1,52.9,53.1,55.8,50.3,51.1,C,Pass
STU0588,Male,AI & DS,TE,16.3,91.0,3.9,Middle,Yes,81.0,82.7,79.2,73.4,81.0,84.1,A,Pass
STU0589,Male,Computer Engineering,FE,16.8,90.6,9.5,Middle,Yes,89.8,86.4,86.7,93.2,91.8,88.9,A+,Pass
STU0590,Male,E&TC,SE,14.6,73.9,0.7,Middle,Yes,87.8,94.1,86.2,81.8,78.1,83.2,A,Pass
STU0591,Male,AI & DS,FE,15.6,69.8,6.5,Low,Yes,65.2,58.0,54.0,55.1,52.7,50.9,C,Pass
STU0592,Female,IT,TE,14.6,77.3,8.2,Middle,Yes,64.4,60.2,67.4,64.1,55.0,59.4,C,Pass
STU0593,Male,Computer Engineering,SE,8.8,65.0,7.4,Low,Yes,50.6,29.8,43.1,53.2,38.2,43.6,D,Pass
STU0594,Male,IT,TE,14.2,77.9,3.0,Middle,Yes,68.7,69.5,73.5,79.8,67.9,71.7,B,Pass
STU0595,Female,AI & DS,FE,16.0,90.7,3.0,Middle,Yes,74.9,97.3,78.5,89.2,78.8,81.1,A,Pass
STU0596,Male,Mechanical,FE,15.8,76.8,1.5,Middle,Yes,60.4,58.6,61.1,68.7,59.7,60.0,C,Pass
STU0597,Female,Civil,TE,17.9,83.0,4.2,Low,Yes,75.5,81.5,77.5,76.6,76.3,74.9,B,Pass
STU0598,Male,Civil,FE,15.5,80.7,2.3,Middle,Yes,39.2,54.4,45.1,45.9,23.6,45.7,D,Pass
STU0599,Male,E&TC,FE,13.8,84.7,3.4,Middle,Yes,82.5,84.9,72.8,88.8,78.8,83.6,A,Pass
STU0600,Male,AI & DS,FE,17.4,64.6,1.7,Middle,Yes,66.5,59.0,66.1,68.5,61.8,64.1,C,Pass
